
insert into `core_tbl_partner` (`partner_code`,`created_at`,`created_by`,`updated_at`,`updated_by`,`address`,`city`,`country`,`email`,`first_name`,`last_name`,`name`,`phone`,`status`,`partner_type`,`title`,`status_date`) values ('A.MOUAFO','2023-08-12 21:46:30','A.MOUAFO','2024-03-11 09:38:24','A.MOUAFO','301-6810 Rue de pertuis','Dschang 2','Cameroun','alainmouafo@gmail.com','Alain Joel','Mouafo Wakem','','4182552407s','ACTIVE','PERSON','MR',NULL);
insert into `core_tbl_partner` (`partner_code`,`created_at`,`created_by`,`updated_at`,`updated_by`,`address`,`city`,`country`,`email`,`first_name`,`last_name`,`name`,`phone`,`status`,`partner_type`,`title`,`status_date`) values ('FRESHNBIO','2023-08-13 20:38:23','A.MOUAFO','2023-08-14 22:05:16','A.MOUAFO','301-6810 Rue de pertuis','Dschang','Cameroun','alainmouafo@gmail.com','Test Nom','Test Prénom 2','Fresh-n-bio','4182552407','ACTIVE','COMPANY','MR',NULL);
insert into `core_tbl_partner` (`partner_code`,`created_at`,`created_by`,`updated_at`,`updated_by`,`address`,`city`,`country`,`email`,`first_name`,`last_name`,`name`,`phone`,`status`,`partner_type`,`title`,`status_date`) values ('TEST123','2024-03-26 13:42:55','A.MOUAFO','2024-03-26 13:42:55','A.MOUAFO',NULL,NULL,NULL,'test@go.com','Test 1','Test 2',NULL,'1232323','ACTIVE','PERSON',NULL,NULL);
insert into `core_tbl_partner` (`partner_code`,`created_at`,`created_by`,`updated_at`,`updated_by`,`address`,`city`,`country`,`email`,`first_name`,`last_name`,`name`,`phone`,`status`,`partner_type`,`title`,`status_date`) values ('TEST222','2023-09-07 23:56:23','A.MOUAFO','2023-09-07 23:56:23','A.MOUAFO','301-6810 Rue de pertuis','Dschang','Cameroun','alainmouafo@gmail.com','Test Nom','Test Prénom 2','Fresh-n-bio','4182552407','ACTIVE','COMPANY','MR',NULL);
insert into `core_tbl_partner` (`partner_code`,`created_at`,`created_by`,`updated_at`,`updated_by`,`address`,`city`,`country`,`email`,`first_name`,`last_name`,`name`,`phone`,`status`,`partner_type`,`title`,`status_date`) values ('TEST34','2023-09-07 23:54:56','A.MOUAFO','2023-09-07 23:54:56','A.MOUAFO','301-6810 Rue de pertuis','Dschang','Cameroun','alainmouafo@gmail.com','Test Nom','Test Prénom 2','Fresh-n-bio2','4182552407','ACTIVE','COMPANY','MR',NULL);
insert into `core_tbl_partner` (`partner_code`,`created_at`,`created_by`,`updated_at`,`updated_by`,`address`,`city`,`country`,`email`,`first_name`,`last_name`,`name`,`phone`,`status`,`partner_type`,`title`,`status_date`) values ('TEST34s','2023-09-07 23:55:10','A.MOUAFO','2023-09-07 23:55:10','A.MOUAFO','301-6810 Rue de pertuis','Dschang','Cameroun','alainmouafo@gmail.com','Test Nom','Test Prénom 2','Fresh-n-bio2','4182552407','ACTIVE','COMPANY','MR',NULL);

insert into `core_tbl_cat` (`category_code`,`created_at`,`created_by`,`updated_at`,`updated_by`,`description`,`parent_category_code`) values ('ROOT','2023-08-12 00:00:00','A.MOUAFO','2023-08-12 00:00:00','A.MOUAFO','Catégorie racine',NULL);
insert into `core_tbl_cat` (`category_code`,`created_at`,`created_by`,`updated_at`,`updated_by`,`description`,`parent_category_code`) values ('EMPLOYE','2023-08-12 21:51:24','A.MOUAFO','2023-08-12 21:51:24','A.MOUAFO','Catégorie des employé','ROOT');
insert into `core_tbl_cat` (`category_code`,`created_at`,`created_by`,`updated_at`,`updated_by`,`description`,`parent_category_code`) values ('FOURNISSEUR','2023-08-12 21:51:24','A.MOUAFO','2023-08-12 21:51:24','A.MOUAFO','Catégorie des fournisseur','ROOT');
insert into `core_tbl_cat` (`category_code`,`created_at`,`created_by`,`updated_at`,`updated_by`,`description`,`parent_category_code`) values ('CLIENT','2023-08-12 21:51:24','A.MOUAFO','2023-08-12 21:51:24','A.MOUAFO','Catégorie des clients','ROOT');
insert into `core_tbl_cat` (`category_code`,`created_at`,`created_by`,`updated_at`,`updated_by`,`description`,`parent_category_code`) values ('DETAIL','2023-08-12 00:00:00','A.MOUAFO','2023-08-12 00:00:00','A.MOUAFO','Détaillant','CLIENT');
insert into `core_tbl_cat` (`category_code`,`created_at`,`created_by`,`updated_at`,`updated_by`,`description`,`parent_category_code`) values ('DIVERS','2023-08-12 00:00:00','A.MOUAFO','2023-08-12 00:00:00','A.MOUAFO','Divers','CLIENT');
insert into `core_tbl_cat` (`category_code`,`created_at`,`created_by`,`updated_at`,`updated_by`,`description`,`parent_category_code`) values ('GROSSISTE','2023-08-12 00:00:00','A.MOUAFO','2023-08-12 00:00:00','A.MOUAFO','Grossiste','CLIENT');

insert into `core_tbl_partner_cat` (`category_code`,`partner_code`,`created_at`,`created_by`,`updated_at`,`updated_by`) values ('CLIENT','A.MOUAFO','2023-08-12 21:51:42','A.MOUAFO','2023-08-12 21:51:42','A.MOUAFO');
insert into `core_tbl_partner_cat` (`category_code`,`partner_code`,`created_at`,`created_by`,`updated_at`,`updated_by`) values ('CLIENT','FRESHNBIO','2023-08-13 20:38:23','A.MOUAFO','2023-08-13 20:38:23','A.MOUAFO');
insert into `core_tbl_partner_cat` (`category_code`,`partner_code`,`created_at`,`created_by`,`updated_at`,`updated_by`) values ('CLIENT','TEST123','2024-03-26 13:42:55','A.MOUAFO','2024-03-26 13:42:55','A.MOUAFO');
insert into `core_tbl_partner_cat` (`category_code`,`partner_code`,`created_at`,`created_by`,`updated_at`,`updated_by`) values ('CLIENT','TEST222','2023-09-07 23:56:23','A.MOUAFO','2023-09-07 23:56:23','A.MOUAFO');
insert into `core_tbl_partner_cat` (`category_code`,`partner_code`,`created_at`,`created_by`,`updated_at`,`updated_by`) values ('CLIENT','TEST34','2023-09-07 23:54:56','A.MOUAFO','2023-09-07 23:54:56','A.MOUAFO');
insert into `core_tbl_partner_cat` (`category_code`,`partner_code`,`created_at`,`created_by`,`updated_at`,`updated_by`) values ('CLIENT','TEST34s','2023-09-07 23:55:10','A.MOUAFO','2023-09-07 23:55:10','A.MOUAFO');
insert into `core_tbl_partner_cat` (`category_code`,`partner_code`,`created_at`,`created_by`,`updated_at`,`updated_by`) values ('EMPLOYE','A.MOUAFO','2023-08-12 21:51:42','A.MOUAFO','2023-08-12 21:51:42','A.MOUAFO');
insert into `core_tbl_partner_cat` (`category_code`,`partner_code`,`created_at`,`created_by`,`updated_at`,`updated_by`) values ('EMPLOYE','FRESHNBIO','2023-08-13 20:38:23','A.MOUAFO','2023-08-13 20:38:23','A.MOUAFO');
insert into `core_tbl_partner_cat` (`category_code`,`partner_code`,`created_at`,`created_by`,`updated_at`,`updated_by`) values ('EMPLOYE','TEST222','2023-09-07 23:56:23','A.MOUAFO','2023-09-07 23:56:23','A.MOUAFO');
insert into `core_tbl_partner_cat` (`category_code`,`partner_code`,`created_at`,`created_by`,`updated_at`,`updated_by`) values ('EMPLOYE','TEST34','2023-09-07 23:54:56','A.MOUAFO','2023-09-07 23:54:56','A.MOUAFO');
insert into `core_tbl_partner_cat` (`category_code`,`partner_code`,`created_at`,`created_by`,`updated_at`,`updated_by`) values ('EMPLOYE','TEST34s','2023-09-07 23:55:10','A.MOUAFO','2023-09-07 23:55:10','A.MOUAFO');
insert into `core_tbl_partner_cat` (`category_code`,`partner_code`,`created_at`,`created_by`,`updated_at`,`updated_by`) values ('FOURNISSEUR','A.MOUAFO','2023-08-12 21:51:42','A.MOUAFO','2023-08-12 21:51:42','A.MOUAFO');

insert into `core_tbl_code_gen` (`code_gen_code`,`created_at`,`created_by`,`updated_at`,`updated_by`,`seq`,`pref`) values ('COMMANDE','2023-08-12 21:46:30','A.MOUAFO','2024-03-11 09:38:24','A.MOUAFO', 1, 'CM');
insert into `core_tbl_code_gen` (`code_gen_code`,`created_at`,`created_by`,`updated_at`,`updated_by`,`seq`,`pref`) values ('FACTURE','2023-08-13 20:38:23','A.MOUAFO','2023-08-14 22:05:16','A.MOUAFO', 1, 'FA');
insert into `core_tbl_code_gen` (`code_gen_code`,`created_at`,`created_by`,`updated_at`,`updated_by`,`seq`,`pref`) values ('TRANSACTION','2024-03-26 13:42:55','A.MOUAFO','2024-03-26 13:42:55','A.MOUAFO', 1, 'TX');
