
insert into `stock_tbl_magasin` (`magasin_code`,`created_at`,`created_by`,`updated_at`,`updated_by`,`description`) values ('CENTRAL','2023-08-12 21:54:31','A.MOUAFO','2023-09-03 19:13:22','A.MOUAFO','Magasin Central');
insert into `stock_tbl_magasin` (`magasin_code`,`created_at`,`created_by`,`updated_at`,`updated_by`,`description`) values ('TEST','2023-08-17 14:17:08','A.MOUAFO','2024-03-26 20:31:52','A.MOUAFO','Magasin Test');
insert into `stock_tbl_magasin` (`magasin_code`,`created_at`,`created_by`,`updated_at`,`updated_by`,`description`) values ('TEST02','2024-03-26 20:33:15','A.MOUAFO','2024-03-26 20:35:01','A.MOUAFO','Test 02');

insert into `stock_tbl_unite` (`unite_code`,`created_at`,`created_by`,`updated_at`,`updated_by`,`description`) values ('ALV','2023-09-03 12:32:58','A.MOUAFO','2023-09-03 12:32:58','A.MOUAFO','Alvéole');
insert into `stock_tbl_unite` (`unite_code`,`created_at`,`created_by`,`updated_at`,`updated_by`,`description`) values ('CTN','2023-08-12 21:52:22','A.MOUAFO','2023-08-12 21:52:22','A.MOUAFO','Carton');
insert into `stock_tbl_unite` (`unite_code`,`created_at`,`created_by`,`updated_at`,`updated_by`,`description`) values ('KG','2023-08-12 21:53:05','A.MOUAFO','2023-08-12 21:53:05','A.MOUAFO','Kilograme');
insert into `stock_tbl_unite` (`unite_code`,`created_at`,`created_by`,`updated_at`,`updated_by`,`description`) values ('L','2023-08-17 07:58:34','A.MOUAFO','2023-08-17 07:58:34','A.MOUAFO','Litre');
insert into `stock_tbl_unite` (`unite_code`,`created_at`,`created_by`,`updated_at`,`updated_by`,`description`) values ('SAC','2023-10-08 10:48:52','A.MOUAFO','2023-10-08 10:48:52','A.MOUAFO','Sac');
insert into `stock_tbl_unite` (`unite_code`,`created_at`,`created_by`,`updated_at`,`updated_by`,`description`) values ('U','2023-09-03 12:27:51','A.MOUAFO','2023-09-03 12:27:51','A.MOUAFO','Unité');

insert into `stock_tbl_article` (`article_code`,`created_at`,`created_by`,`updated_at`,`updated_by`,`description`,`article_type`,`unite_code`) values ('COPEAUX','2023-10-08 10:55:00','A.MOUAFO','2023-10-22 19:44:31','A.MOUAFO','Copeaux','ARTC','SAC');
insert into `stock_tbl_article` (`article_code`,`created_at`,`created_by`,`updated_at`,`updated_by`,`description`,`article_type`,`unite_code`) values ('MAIS','2023-08-15 13:23:48','A.MOUAFO','2023-08-15 13:23:48','A.MOUAFO','Carton','ARTC','KG');
insert into `stock_tbl_article` (`article_code`,`created_at`,`created_by`,`updated_at`,`updated_by`,`description`,`article_type`,`unite_code`) values ('OEUF','2023-09-03 12:28:12','A.MOUAFO','2023-10-04 20:53:23','A.MOUAFO','Oeuf','ARTC','U');
insert into `stock_tbl_article` (`article_code`,`created_at`,`created_by`,`updated_at`,`updated_by`,`description`,`article_type`,`unite_code`) values ('PHYTO','2023-10-08 12:40:59','A.MOUAFO','2023-10-14 13:46:12','A.MOUAFO','Phyto','ARTC','U');
insert into `stock_tbl_article` (`article_code`,`created_at`,`created_by`,`updated_at`,`updated_by`,`description`,`article_type`,`unite_code`) values ('POULE','2023-10-08 10:45:55','A.MOUAFO','2023-10-08 10:45:55','A.MOUAFO','Poule','ARTC','U');
insert into `stock_tbl_article` (`article_code`,`created_at`,`created_by`,`updated_at`,`updated_by`,`description`,`article_type`,`unite_code`) values ('TEST01','2024-03-26 20:30:11','A.MOUAFO','2024-03-26 20:30:58','A.MOUAFO','Test 02','ARTC','SAC');
insert into `stock_tbl_article` (`article_code`,`created_at`,`created_by`,`updated_at`,`updated_by`,`description`,`article_type`,`unite_code`) values ('TRANSPORT','2023-08-15 13:46:39','A.MOUAFO','2023-08-15 13:46:39','A.MOUAFO','Transport','SSTD','KG');

insert into `stock_tbl_variant` (`created_at`,`created_by`,`updated_at`,`updated_by`,`article_code`,`variant_code`,`description`,`alias`) values ('2023-10-19 21:01:19','A.MOUAFO','2024-04-11 11:13:30','A.MOUAFO','COPEAUX','BLANC','Copeaux blanc','COPEAUX/BLANC');
insert into `stock_tbl_variant` (`created_at`,`created_by`,`updated_at`,`updated_by`,`article_code`,`variant_code`,`description`,`alias`) values ('2023-10-20 12:18:42','A.MOUAFO','2024-04-11 11:13:30','A.MOUAFO','COPEAUX','NOIR','Copeaux noir','COPEAUX/NOIR');
insert into `stock_tbl_variant` (`created_at`,`created_by`,`updated_at`,`updated_by`,`article_code`,`variant_code`,`description`,`alias`) values ('2023-10-19 21:01:19','A.MOUAFO','2024-04-11 11:13:30','A.MOUAFO','COPEAUX','ROUGE','Copeaux rouge','COPEAUX/ROUGE');
insert into `stock_tbl_variant` (`created_at`,`created_by`,`updated_at`,`updated_by`,`article_code`,`variant_code`,`description`,`alias`) values ('2024-04-11 07:45:43','A.MOUAFO','2024-04-11 07:45:43','A.MOUAFO','COPEAUX','TEST','Test','COPEAUX/TEST');
insert into `stock_tbl_variant` (`created_at`,`created_by`,`updated_at`,`updated_by`,`article_code`,`variant_code`,`description`,`alias`) values ('2024-04-11 07:45:02','A.MOUAFO','2024-04-11 07:45:02','A.MOUAFO','MAIS','DEFAULT',NULL,'MAIS/DEFAULT');
insert into `stock_tbl_variant` (`created_at`,`created_by`,`updated_at`,`updated_by`,`article_code`,`variant_code`,`description`,`alias`) values ('2023-09-03 18:31:07','A.MOUAFO','2023-09-03 18:31:07','A.MOUAFO','OEUF','BO','Bille','OEUF/BO');
insert into `stock_tbl_variant` (`created_at`,`created_by`,`updated_at`,`updated_by`,`article_code`,`variant_code`,`description`,`alias`) values ('2023-09-03 18:44:52','A.MOUAFO','2023-09-03 18:44:52','A.MOUAFO','OEUF','CASSE','Oeuf Cassé','OEUF/CASSE');
insert into `stock_tbl_variant` (`created_at`,`created_by`,`updated_at`,`updated_by`,`article_code`,`variant_code`,`description`,`alias`) values ('2023-09-03 18:44:52','A.MOUAFO','2023-09-03 18:44:52','A.MOUAFO','OEUF','GO','Gros Oeuf','OEUF/GO');
insert into `stock_tbl_variant` (`created_at`,`created_by`,`updated_at`,`updated_by`,`article_code`,`variant_code`,`description`,`alias`) values ('2023-09-03 18:31:07','A.MOUAFO','2023-09-03 18:31:07','A.MOUAFO','OEUF','MO','Moyen Oeuf','OEUF/MO');
insert into `stock_tbl_variant` (`created_at`,`created_by`,`updated_at`,`updated_by`,`article_code`,`variant_code`,`description`,`alias`) values ('2023-09-03 18:31:07','A.MOUAFO','2023-09-03 18:31:07','A.MOUAFO','OEUF','PO','Petit Oeuf','OEUF/PO');
insert into `stock_tbl_variant` (`created_at`,`created_by`,`updated_at`,`updated_by`,`article_code`,`variant_code`,`description`,`alias`) values ('2023-10-04 20:53:24','A.MOUAFO','2023-10-04 20:53:24','A.MOUAFO','OEUF','SGO','Super Gros Oeuf','OEUF/SGO');
insert into `stock_tbl_variant` (`created_at`,`created_by`,`updated_at`,`updated_by`,`article_code`,`variant_code`,`description`,`alias`) values ('2023-10-08 12:40:59','A.MOUAFO','2023-10-08 12:40:59','A.MOUAFO','PHYTO','V1','Phyto 1','PHYTO/V1');
insert into `stock_tbl_variant` (`created_at`,`created_by`,`updated_at`,`updated_by`,`article_code`,`variant_code`,`description`,`alias`) values ('2023-10-08 12:40:59','A.MOUAFO','2023-10-08 12:40:59','A.MOUAFO','PHYTO','V2','Phyto 2','PHYTO/V2');
insert into `stock_tbl_variant` (`created_at`,`created_by`,`updated_at`,`updated_by`,`article_code`,`variant_code`,`description`,`alias`) values ('2024-04-12 15:04:52','A.MOUAFO','2024-04-12 15:04:52','A.MOUAFO','POULE','DEFAULT',NULL,'POULE/DEFAULT');
insert into `stock_tbl_variant` (`created_at`,`created_by`,`updated_at`,`updated_by`,`article_code`,`variant_code`,`description`,`alias`) values ('2024-03-26 20:30:11','A.MOUAFO','2024-03-26 20:30:11','A.MOUAFO','TEST01','V1','Variante 1','TEST01/V1');
insert into `stock_tbl_variant` (`created_at`,`created_by`,`updated_at`,`updated_by`,`article_code`,`variant_code`,`description`,`alias`) values ('2024-03-26 20:30:58','A.MOUAFO','2024-03-26 20:30:58','A.MOUAFO','TEST01','V2','Variante 2','TEST01/V2');
insert into `stock_tbl_variant` (`created_at`,`created_by`,`updated_at`,`updated_by`,`article_code`,`variant_code`,`description`,`alias`) values ('2024-04-11 07:45:43','A.MOUAFO','2024-04-11 07:45:43','A.MOUAFO','TRANSPORT','DEFAULT',NULL,'TRANSPORT/DEFAULT');

insert into `stock_tbl_conversion` (`article_code`,`unite_code`,`created_at`,`created_by`,`updated_at`,`updated_by`,`facteur`) values ('COPEAUX','SAC','2023-10-08 10:55:01','A.MOUAFO','2023-10-08 10:55:01','A.MOUAFO',50);
insert into `stock_tbl_conversion` (`article_code`,`unite_code`,`created_at`,`created_by`,`updated_at`,`updated_by`,`facteur`) values ('OEUF','ALV','2023-09-03 18:54:19','A.MOUAFO','2023-09-03 18:54:19','A.MOUAFO',30);
insert into `stock_tbl_conversion` (`article_code`,`unite_code`,`created_at`,`created_by`,`updated_at`,`updated_by`,`facteur`) values ('OEUF','CTN','2023-09-03 18:54:19','A.MOUAFO','2023-09-03 18:54:19','A.MOUAFO',360);
insert into `stock_tbl_conversion` (`article_code`,`unite_code`,`created_at`,`created_by`,`updated_at`,`updated_by`,`facteur`) values ('PHYTO','CTN','2023-10-14 13:46:12','A.MOUAFO','2023-10-14 13:46:12','A.MOUAFO',3);
insert into `stock_tbl_conversion` (`article_code`,`unite_code`,`created_at`,`created_by`,`updated_at`,`updated_by`,`facteur`) values ('POULE','CTN','2023-10-08 10:45:55','A.MOUAFO','2023-10-08 10:45:55','A.MOUAFO',50);
insert into `stock_tbl_conversion` (`article_code`,`unite_code`,`created_at`,`created_by`,`updated_at`,`updated_by`,`facteur`) values ('TEST01','SAC','2024-03-26 20:30:11','A.MOUAFO','2024-03-26 20:30:11','A.MOUAFO',2);

insert into `stock_tbl_cat` (`category_code`,`created_at`,`created_by`,`updated_at`,`updated_by`,`description`,`parent_category_code`) values ('ROOT','2023-08-12 00:00:00','A.MOUAFO','2023-08-12 00:00:00','A.MOUAFO','Catégorie racine',NULL);
insert into `stock_tbl_cat` (`category_code`,`created_at`,`created_by`,`updated_at`,`updated_by`,`description`,`parent_category_code`) values ('VIANDE & POISSON','2023-08-12 21:51:24','A.MOUAFO','2023-08-12 21:51:24','A.MOUAFO','Viandes et poinssons','ROOT');
insert into `stock_tbl_cat` (`category_code`,`created_at`,`created_by`,`updated_at`,`updated_by`,`description`,`parent_category_code`) values ('EPICE','2023-08-12 21:51:24','A.MOUAFO','2023-08-12 21:51:24','A.MOUAFO','Épice','ROOT');
insert into `stock_tbl_cat` (`category_code`,`created_at`,`created_by`,`updated_at`,`updated_by`,`description`,`parent_category_code`) values ('AROME','2023-08-12 21:51:24','A.MOUAFO','2023-08-12 21:51:24','A.MOUAFO','Arôme','ROOT');
insert into `stock_tbl_cat` (`category_code`,`created_at`,`created_by`,`updated_at`,`updated_by`,`description`,`parent_category_code`) values ('TUBERCULE','2023-08-12 00:00:00','A.MOUAFO','2023-08-12 00:00:00','A.MOUAFO','Tubercules','ROOT');
insert into `stock_tbl_cat` (`category_code`,`created_at`,`created_by`,`updated_at`,`updated_by`,`description`,`parent_category_code`) values ('LEGUME','2023-08-12 00:00:00','A.MOUAFO','2023-08-12 00:00:00','A.MOUAFO','Légumes','ROOT');
insert into `stock_tbl_cat` (`category_code`,`created_at`,`created_by`,`updated_at`,`updated_by`,`description`,`parent_category_code`) values ('BOISSON','2023-08-12 00:00:00','A.MOUAFO','2023-08-12 00:00:00','A.MOUAFO','Boissons','ROOT');